Product Name,Price,URL,Rating,Review Count
,,Our most functional backpack ever,,
,,,,
"Gods GHOST Anti Theft Backpack with 15.6 inch Laptop Compartment, Patented Design, Water Resistant Fabric, Quick Access Pockets & 8 Years Warranty for Men and Women (Capacity-25 Litre)",,"₹3,705",4.4 out of 5 stars,
"Xator 15.6 inch Anti-Theft Laptop Backpack, Adaptable, Light Weight, Convertible and Expandable, Quick Access Pockets, Water Resistant",,"₹3,099",4.4 out of 5 stars,
American Tourister 32 Ltrs Black Casual Backpack (AMT FIZZ SCH BAG 02 - BLACK),,"₹1,299",4.1 out of 5 stars,
Wesley Milestone 2.0 Casual Waterproof Laptop Backpack/Office Bag/School Bag/College Bag/Business Bag/Travel Backpack (Dimensions:13x18 inches) (Compatible with 39.62cm(15.6inch laptop) 30 L (Blue & black),,₹565,4.3 out of 5 stars,
Skybags Brat Black 46 Cms Casual Backpack,,₹669,4.1 out of 5 stars,
"uppercase Medium 17 Ltrs Vegan Leather (14.6 inch) Laptop Backpack 2300EBP1 3x more water resistant sustainable bags with rain proof zippers for Men, Women, Boys and Girls, 750 Days warranty (Blue)",https://aax-eu.amazon.in/x/c/RJFLIFIBpnO9V31yozZQxpMAAAGGDGwumgMAAAH2AQBOL0EgICAgICAgICAgICBOL0EgICAgICAgICAgICCVWtjZ/https://www.amazon.in/dp/B0B68Z3X7D?pd_rd_i=B0B68Z3X7D&pf_rd_p=dd2aa9b8-d653-4b22-af5d-81cb48e44028&pf_rd_r=FFK6KQ24MPBBHQ8YVK26&pd_rd_wg=R8vms&pd_rd_w=QP9zc&pd_rd_r=09f5080d-674e-463f-a42c-47e882d1c26d,"₹1,600",4.1 out of 5 stars,
,,,,
ADISA 15.6 inch Laptop Backpack Office Bag College Travel Back Pack 32 Ltrs (z-Navy Blue),,₹499,3.9 out of 5 stars,
"Mi Step Out 12 L Mini Backpack (Small Size, Black, Water Repellant)",,₹356,4.1 out of 5 stars,
Wesley Spartan Unisex Travel Hiking Laptop Bag fits Upto 17.3 inch with Raincover and Internal Organiser Backpack Rucksack College Bag,,₹798,4.1 out of 5 stars,
Northzone Casual Waterproof Laptop Backpack/Office Bag/School Bag/College Bag/Business Bag/Travel Backpack (Dimensions:13x18 inches) (Compatible with 39.62cm(15.6inch laptop) 30 L,,₹510,5.0 out of 5 stars,
AirCase C34- 13 Inch/ 14 Inch/15.6 Inch Premium Vegan Leather Laptop Backpack for Men & Women (Black)- 25 Ltrs,,₹999,3.9 out of 5 stars,
Red Lemon Swiss Cut Design Medium 26 L Laptop Backpack Outdoor Backpack fits 15.6 inch Multifunctional Laptop Bag Backpack for Men and Women with USB port Anti Theft Travel Backpack,,"₹1,899",4.4 out of 5 stars,
Red Lemon Bange Hard Ironlook Briefcase Laptop Bag Anti-Theft Hard Shell Unisex Laptop Backpack with USB Charging Backpack for Men and Women,,"₹4,599",4.2 out of 5 stars,
Fur Jaden Brown Textured Leatherette Stylish & Spacious Weekender Duffle Bag for Travel,,₹889,4.3 out of 5 stars,
,,Want to upgrade your basic handbag with something new and exciting? Check out these embroidered variants that are classy and spacious.,3.8 out of 5 stars,
,,₹448,4.2 out of 5 stars,
,,₹448,4.2 out of 5 stars,
,,₹449,4.0 out of 5 stars,
,,₹339,4.0 out of 5 stars,
,,₹295,4.3 out of 5 stars,
,,₹527.45,4.3 out of 5 stars,
,,₹449,4.0 out of 5 stars,
,,₹278,4.0 out of 5 stars,
,,₹299,4.0 out of 5 stars,
,,,,
"Safari Flash Casual Backpack, 26 ltr Water Resistant Travel Bags| Weight Polyester Bagpack for Men and Women, Spacious Shoulder Bag for College, Office, Travelling and Camping",,₹699,3.9 out of 5 stars,
DEIN KLEIDER Men's Nylon Messenger Bag,,₹349,4.0 out of 5 stars,
ADISA Light Weight Laptop Backpack 32 Ltrs,,₹499,4.0 out of 5 stars,
Half Moon Large 37L Laptop Bag Backpack for menं Women Boys and Girls Luggage Travel Bags with 17.3 inches Laptop Compartment & Rain Cover,,₹849,3.9 out of 5 stars,
"Safari Spartan 21 Ltrs Water Resistant Backpack - Blue, S (SPARTAN19CBBLU)",,₹599,3.8 out of 5 stars,
ADISA Laptop Backpack 31 Ltrs,,₹499,4.0 out of 5 stars,
"Wesley Unisex Milestone Casual Waterproof Laptop Office School College Business Travel Backpack 25 L (Dimensions: 12.5x18 inches) (Compatible with 15.6 inch laptops), Navy Blue",,₹498,4.3 out of 5 stars,
NORTH ZONE 30 ltrs ( Cms) backpack(INVALID DATA_grey),,₹599,3.7 out of 5 stars,
Red Lemon Swisslook Polyester Bange Series 45L 15.6-inch Laptop Bags Backpack for Men and Women Waterproof USB Anti Theft Travel Backpack,,"₹2,849",4.3 out of 5 stars,
"uppercase SealPro Professional Laptop Backpack (15.6 Inch) 3x more water resistant sustainable bags with rain proof zippers & Anti-theft for Men, Women, Boys and Girls, 750 Days warranty",https://aax-eu.amazon.in/x/c/RJ_07v_aOwAiDmMRxd70zNcAAAGGDGwunQMAAAH2AQBOL0EgICAgICAgICAgICBOL0EgICAgICAgICAgICD6aDgq/https://www.amazon.in/dp/B0BR179L65?pd_rd_i=B0BR179L65&pf_rd_p=403d884b-b770-4925-9bdf-9e07bc36f348&pf_rd_r=FFK6KQ24MPBBHQ8YVK26&pd_rd_wg=V5cg9&pd_rd_w=aYnpV&pd_rd_r=81e6d62c-c25b-47a2-9037-e988b8f2c2a0,"₹1,900",5.0 out of 5 stars,
,,,,
,,,,
,,School bags and backpacks for everyone,,
,,,,
,,,,
,,Our most functional backpack ever,,
,,,,
"Gods GHOST Anti Theft Backpack with 15.6 inch Laptop Compartment, Patented Design, Water Resistant Fabric, Quick Access Pockets & 8 Years Warranty for Men and Women (Capacity-25 Litre)",,"₹3,705",4.4 out of 5 stars,
"Xator 15.6 inch Anti-Theft Laptop Backpack, Adaptable, Light Weight, Convertible and Expandable, Quick Access Pockets, Water Resistant",,"₹3,099",4.4 out of 5 stars,
American Tourister 32 Ltrs Black Casual Backpack (AMT FIZZ SCH BAG 02 - BLACK),,"₹1,299",4.1 out of 5 stars,
Wesley Milestone 2.0 Casual Waterproof Laptop Backpack/Office Bag/School Bag/College Bag/Business Bag/Travel Backpack (Dimensions:13x18 inches) (Compatible with 39.62cm(15.6inch laptop) 30 L (Blue & black),,₹565,4.3 out of 5 stars,
Skybags Brat Black 46 Cms Casual Backpack,,₹669,4.1 out of 5 stars,
"uppercase Medium 17 Ltrs Vegan Leather (14.6 inch) Laptop Backpack 2300EBP1 3x more water resistant sustainable bags with rain proof zippers for Men, Women, Boys and Girls, 750 Days warranty (Blue)",https://aax-eu.amazon.in/x/c/ROQUz_quCewwF4e522DS6egAAAGGDGxG2QMAAAH2AQBOL0EgICAgICAgICAgICBOL0EgICAgICAgICAgICAY1QM_/https://www.amazon.in/dp/B0B68Z3X7D?pd_rd_i=B0B68Z3X7D&pf_rd_p=dd2aa9b8-d653-4b22-af5d-81cb48e44028&pf_rd_r=1EP4AMAMXQM0N54TFGSH&pd_rd_wg=b8MtO&pd_rd_w=4FxLG&pd_rd_r=0e336b04-c075-44ca-acd9-16914dadb129,"₹1,600",4.1 out of 5 stars,
,,,,
ADISA 15.6 inch Laptop Backpack Office Bag College Travel Back Pack 32 Ltrs (z-Navy Blue),,₹499,3.9 out of 5 stars,
"Mi Step Out 12 L Mini Backpack (Small Size, Black, Water Repellant)",,₹356,4.1 out of 5 stars,
Wesley Spartan Unisex Travel Hiking Laptop Bag fits Upto 17.3 inch with Raincover and Internal Organiser Backpack Rucksack College Bag,,₹798,4.1 out of 5 stars,
Northzone Casual Waterproof Laptop Backpack/Office Bag/School Bag/College Bag/Business Bag/Travel Backpack (Dimensions:13x18 inches) (Compatible with 39.62cm(15.6inch laptop) 30 L,,₹510,5.0 out of 5 stars,
AirCase C34- 13 Inch/ 14 Inch/15.6 Inch Premium Vegan Leather Laptop Backpack for Men & Women (Black)- 25 Ltrs,,₹999,3.9 out of 5 stars,
Red Lemon Swiss Cut Design Medium 26 L Laptop Backpack Outdoor Backpack fits 15.6 inch Multifunctional Laptop Bag Backpack for Men and Women with USB port Anti Theft Travel Backpack,,"₹1,899",4.4 out of 5 stars,
Red Lemon Bange Hard Ironlook Briefcase Laptop Bag Anti-Theft Hard Shell Unisex Laptop Backpack with USB Charging Backpack for Men and Women,,"₹4,599",4.2 out of 5 stars,
Fur Jaden Brown Textured Leatherette Stylish & Spacious Weekender Duffle Bag for Travel,,₹889,4.3 out of 5 stars,
,,Want to upgrade your basic handbag with something new and exciting? Check out these embroidered variants that are classy and spacious.,3.8 out of 5 stars,
,,₹448,4.2 out of 5 stars,
,,₹448,4.2 out of 5 stars,
,,₹449,4.0 out of 5 stars,
,,₹339,4.0 out of 5 stars,
,,₹295,4.3 out of 5 stars,
,,₹527.45,4.3 out of 5 stars,
,,₹449,4.0 out of 5 stars,
,,₹278,4.0 out of 5 stars,
,,₹299,4.0 out of 5 stars,
,,,,
"Safari Flash Casual Backpack, 26 ltr Water Resistant Travel Bags| Weight Polyester Bagpack for Men and Women, Spacious Shoulder Bag for College, Office, Travelling and Camping",,₹699,3.9 out of 5 stars,
DEIN KLEIDER Men's Nylon Messenger Bag,,₹349,4.0 out of 5 stars,
ADISA Light Weight Laptop Backpack 32 Ltrs,,₹499,4.0 out of 5 stars,
Half Moon Large 37L Laptop Bag Backpack for menं Women Boys and Girls Luggage Travel Bags with 17.3 inches Laptop Compartment & Rain Cover,,₹849,3.9 out of 5 stars,
"Safari Spartan 21 Ltrs Water Resistant Backpack - Blue, S (SPARTAN19CBBLU)",,₹599,3.8 out of 5 stars,
ADISA Laptop Backpack 31 Ltrs,,₹499,4.0 out of 5 stars,
"Wesley Unisex Milestone Casual Waterproof Laptop Office School College Business Travel Backpack 25 L (Dimensions: 12.5x18 inches) (Compatible with 15.6 inch laptops), Navy Blue",,₹498,4.3 out of 5 stars,
NORTH ZONE 30 ltrs ( Cms) backpack(INVALID DATA_grey),,₹599,3.7 out of 5 stars,
Red Lemon Swisslook Polyester Bange Series 45L 15.6-inch Laptop Bags Backpack for Men and Women Waterproof USB Anti Theft Travel Backpack,,"₹2,849",4.3 out of 5 stars,
"uppercase SealPro Professional Laptop Backpack (15.6 Inch) 3x more water resistant sustainable bags with rain proof zippers & Anti-theft for Men, Women, Boys and Girls, 750 Days warranty",https://aax-eu.amazon.in/x/c/RLUizdPdwpNB3SVzG8hqmcMAAAGGDGxG4gMAAAH2AQBOL0EgICAgICAgICAgICBOL0EgICAgICAgICAgICDhrVyk/https://www.amazon.in/dp/B0BR179L65?pd_rd_i=B0BR179L65&pf_rd_p=403d884b-b770-4925-9bdf-9e07bc36f348&pf_rd_r=1EP4AMAMXQM0N54TFGSH&pd_rd_wg=TZ0Hy&pd_rd_w=smsPe&pd_rd_r=d518e27d-f95a-4115-a4d3-28be9476f323,"₹1,900",5.0 out of 5 stars,
,,,,
,,,,
,,School bags and backpacks for everyone,,
,,,,
,,,,
,,Our most functional backpack ever,,
,,,,
"Gods GHOST Anti Theft Backpack with 15.6 inch Laptop Compartment, Patented Design, Water Resistant Fabric, Quick Access Pockets & 8 Years Warranty for Men and Women (Capacity-25 Litre)",,"₹3,705",4.4 out of 5 stars,
"Xator 15.6 inch Anti-Theft Laptop Backpack, Adaptable, Light Weight, Convertible and Expandable, Quick Access Pockets, Water Resistant",,"₹3,099",4.4 out of 5 stars,
American Tourister 32 Ltrs Black Casual Backpack (AMT FIZZ SCH BAG 02 - BLACK),,"₹1,299",4.1 out of 5 stars,
Wesley Milestone 2.0 Casual Waterproof Laptop Backpack/Office Bag/School Bag/College Bag/Business Bag/Travel Backpack (Dimensions:13x18 inches) (Compatible with 39.62cm(15.6inch laptop) 30 L (Blue & black),,₹565,4.3 out of 5 stars,
Skybags Brat Black 46 Cms Casual Backpack,,₹669,4.1 out of 5 stars,
"uppercase Medium 17 Ltrs Vegan Leather (14.6 inch) Laptop Backpack 2300EBP1 3x more water resistant sustainable bags with rain proof zippers for Men, Women, Boys and Girls, 750 Days warranty (Blue)",https://aax-eu.amazon.in/x/c/RPclwnigksVw1UpHLLDFKw8AAAGGDGxSQgMAAAH2AQBOL0EgICAgICAgICAgICBOL0EgICAgICAgICAgICBVZ27g/https://www.amazon.in/dp/B0B68Z3X7D?pd_rd_i=B0B68Z3X7D&pf_rd_p=dd2aa9b8-d653-4b22-af5d-81cb48e44028&pf_rd_r=VWKVE6VAEC7N0FP2EQXZ&pd_rd_wg=riQuc&pd_rd_w=ed1iN&pd_rd_r=8913707b-ef2d-4bb5-a639-2fb04eb565f3,"₹1,600",4.1 out of 5 stars,
,,,,
ADISA 15.6 inch Laptop Backpack Office Bag College Travel Back Pack 32 Ltrs (z-Navy Blue),,₹499,3.9 out of 5 stars,
"Mi Step Out 12 L Mini Backpack (Small Size, Black, Water Repellant)",,₹356,4.1 out of 5 stars,
Wesley Spartan Unisex Travel Hiking Laptop Bag fits Upto 17.3 inch with Raincover and Internal Organiser Backpack Rucksack College Bag,,₹798,4.1 out of 5 stars,
Northzone Casual Waterproof Laptop Backpack/Office Bag/School Bag/College Bag/Business Bag/Travel Backpack (Dimensions:13x18 inches) (Compatible with 39.62cm(15.6inch laptop) 30 L,,₹510,5.0 out of 5 stars,
AirCase C34- 13 Inch/ 14 Inch/15.6 Inch Premium Vegan Leather Laptop Backpack for Men & Women (Black)- 25 Ltrs,,₹999,3.9 out of 5 stars,
Red Lemon Swiss Cut Design Medium 26 L Laptop Backpack Outdoor Backpack fits 15.6 inch Multifunctional Laptop Bag Backpack for Men and Women with USB port Anti Theft Travel Backpack,,"₹1,899",4.4 out of 5 stars,
Red Lemon Bange Hard Ironlook Briefcase Laptop Bag Anti-Theft Hard Shell Unisex Laptop Backpack with USB Charging Backpack for Men and Women,,"₹4,599",4.2 out of 5 stars,
Fur Jaden Brown Textured Leatherette Stylish & Spacious Weekender Duffle Bag for Travel,,₹889,4.3 out of 5 stars,
,,Want to upgrade your basic handbag with something new and exciting? Check out these embroidered variants that are classy and spacious.,3.8 out of 5 stars,
,,₹448,4.2 out of 5 stars,
,,₹448,4.2 out of 5 stars,
,,₹449,4.0 out of 5 stars,
,,₹339,4.0 out of 5 stars,
,,₹295,4.3 out of 5 stars,
,,₹527.45,4.3 out of 5 stars,
,,₹449,4.0 out of 5 stars,
,,₹278,4.0 out of 5 stars,
,,₹299,4.0 out of 5 stars,
,,,,
"Safari Flash Casual Backpack, 26 ltr Water Resistant Travel Bags| Weight Polyester Bagpack for Men and Women, Spacious Shoulder Bag for College, Office, Travelling and Camping",,₹699,3.9 out of 5 stars,
DEIN KLEIDER Men's Nylon Messenger Bag,,₹349,4.0 out of 5 stars,
ADISA Light Weight Laptop Backpack 32 Ltrs,,₹499,4.0 out of 5 stars,
Half Moon Large 37L Laptop Bag Backpack for menं Women Boys and Girls Luggage Travel Bags with 17.3 inches Laptop Compartment & Rain Cover,,₹849,3.9 out of 5 stars,
"Safari Spartan 21 Ltrs Water Resistant Backpack - Blue, S (SPARTAN19CBBLU)",,₹599,3.8 out of 5 stars,
ADISA Laptop Backpack 31 Ltrs,,₹499,4.0 out of 5 stars,
"Wesley Unisex Milestone Casual Waterproof Laptop Office School College Business Travel Backpack 25 L (Dimensions: 12.5x18 inches) (Compatible with 15.6 inch laptops), Navy Blue",,₹498,4.3 out of 5 stars,
NORTH ZONE 30 ltrs ( Cms) backpack(INVALID DATA_grey),,₹599,3.7 out of 5 stars,
Red Lemon Swisslook Polyester Bange Series 45L 15.6-inch Laptop Bags Backpack for Men and Women Waterproof USB Anti Theft Travel Backpack,,"₹2,849",4.3 out of 5 stars,
"uppercase SealPro Professional Laptop Backpack (15.6 Inch) 3x more water resistant sustainable bags with rain proof zippers & Anti-theft for Men, Women, Boys and Girls, 750 Days warranty",https://aax-eu.amazon.in/x/c/RGMtvw1CZtXlLSK7k3PFHXQAAAGGDGxSUgMAAAH2AQBOL0EgICAgICAgICAgICBOL0EgICAgICAgICAgICC7J1OT/https://www.amazon.in/dp/B0BR179L65?pd_rd_i=B0BR179L65&pf_rd_p=403d884b-b770-4925-9bdf-9e07bc36f348&pf_rd_r=VWKVE6VAEC7N0FP2EQXZ&pd_rd_wg=lmFWN&pd_rd_w=rQm7B&pd_rd_r=00d99fec-555a-4691-b85e-9848d7f2b3f5,"₹1,900",5.0 out of 5 stars,
,,,,
,,,,
,,School bags and backpacks for everyone,,
,,,,
,,,,
,,Our most functional backpack ever,,
,,,,
"Gods GHOST Anti Theft Backpack with 15.6 inch Laptop Compartment, Patented Design, Water Resistant Fabric, Quick Access Pockets & 8 Years Warranty for Men and Women (Capacity-25 Litre)",,"₹3,705",4.4 out of 5 stars,
"Xator 15.6 inch Anti-Theft Laptop Backpack, Adaptable, Light Weight, Convertible and Expandable, Quick Access Pockets, Water Resistant",,"₹3,099",4.4 out of 5 stars,
American Tourister 32 Ltrs Black Casual Backpack (AMT FIZZ SCH BAG 02 - BLACK),,"₹1,299",4.1 out of 5 stars,
Wesley Milestone 2.0 Casual Waterproof Laptop Backpack/Office Bag/School Bag/College Bag/Business Bag/Travel Backpack (Dimensions:13x18 inches) (Compatible with 39.62cm(15.6inch laptop) 30 L (Blue & black),,₹565,4.3 out of 5 stars,
Skybags Brat Black 46 Cms Casual Backpack,,₹669,4.1 out of 5 stars,
"uppercase Medium 17 Ltrs Vegan Leather (14.6 inch) Laptop Backpack 2300EBP1 3x more water resistant sustainable bags with rain proof zippers for Men, Women, Boys and Girls, 750 Days warranty (Blue)",https://aax-eu.amazon.in/x/c/RL3jG1N0q8nUPB3FZn9iTLoAAAGGDGxdXAMAAAH2AQBOL0EgICAgICAgICAgICBOL0EgICAgICAgICAgICAtIvm5/https://www.amazon.in/dp/B0B68Z3X7D?pd_rd_i=B0B68Z3X7D&pf_rd_p=dd2aa9b8-d653-4b22-af5d-81cb48e44028&pf_rd_r=7V00T0E14DVSEQN6PZVY&pd_rd_wg=puCFk&pd_rd_w=VugUd&pd_rd_r=4fd383ee-ba65-4edc-9587-f2ea433a7d6b,"₹1,600",4.1 out of 5 stars,
,,,,
ADISA 15.6 inch Laptop Backpack Office Bag College Travel Back Pack 32 Ltrs (z-Navy Blue),,₹499,3.9 out of 5 stars,
"Mi Step Out 12 L Mini Backpack (Small Size, Black, Water Repellant)",,₹356,4.1 out of 5 stars,
Wesley Spartan Unisex Travel Hiking Laptop Bag fits Upto 17.3 inch with Raincover and Internal Organiser Backpack Rucksack College Bag,,₹798,4.1 out of 5 stars,
Northzone Casual Waterproof Laptop Backpack/Office Bag/School Bag/College Bag/Business Bag/Travel Backpack (Dimensions:13x18 inches) (Compatible with 39.62cm(15.6inch laptop) 30 L,,₹510,5.0 out of 5 stars,
AirCase C34- 13 Inch/ 14 Inch/15.6 Inch Premium Vegan Leather Laptop Backpack for Men & Women (Black)- 25 Ltrs,,₹999,3.9 out of 5 stars,
Red Lemon Swiss Cut Design Medium 26 L Laptop Backpack Outdoor Backpack fits 15.6 inch Multifunctional Laptop Bag Backpack for Men and Women with USB port Anti Theft Travel Backpack,,"₹1,899",4.4 out of 5 stars,
NORTH ZONE 30 ltrs ( Cms) backpack(INVALID DATA_grey),,₹599,3.7 out of 5 stars,
Fur Jaden Brown Textured Leatherette Stylish & Spacious Weekender Duffle Bag for Travel,,₹889,4.3 out of 5 stars,
,,Want to upgrade your basic handbag with something new and exciting? Check out these embroidered variants that are classy and spacious.,3.8 out of 5 stars,
,,₹448,4.2 out of 5 stars,
,,₹448,4.2 out of 5 stars,
,,₹449,4.0 out of 5 stars,
,,₹339,4.0 out of 5 stars,
,,₹295,4.3 out of 5 stars,
,,₹527.45,4.3 out of 5 stars,
,,₹449,4.0 out of 5 stars,
,,₹278,4.0 out of 5 stars,
,,₹299,4.0 out of 5 stars,
,,,,
"Safari Flash Casual Backpack, 26 ltr Water Resistant Travel Bags| Weight Polyester Bagpack for Men and Women, Spacious Shoulder Bag for College, Office, Travelling and Camping",,₹699,3.9 out of 5 stars,
DEIN KLEIDER Men's Nylon Messenger Bag,,₹349,4.0 out of 5 stars,
ADISA Light Weight Laptop Backpack 32 Ltrs,,₹499,4.0 out of 5 stars,
Half Moon Large 37L Laptop Bag Backpack for menं Women Boys and Girls Luggage Travel Bags with 17.3 inches Laptop Compartment & Rain Cover,,₹849,3.9 out of 5 stars,
"Safari Spartan 21 Ltrs Water Resistant Backpack - Blue, S (SPARTAN19CBBLU)",,₹599,3.8 out of 5 stars,
ADISA Laptop Backpack 31 Ltrs,,₹499,4.0 out of 5 stars,
"Wesley Unisex Milestone Casual Waterproof Laptop Office School College Business Travel Backpack 25 L (Dimensions: 12.5x18 inches) (Compatible with 15.6 inch laptops), Navy Blue",,₹498,4.3 out of 5 stars,
Red Lemon Swisslook Polyester Bange Series 45L 15.6-inch Laptop Bags Backpack for Men and Women Waterproof USB Anti Theft Travel Backpack,,"₹2,849",4.3 out of 5 stars,
"URBAN TRIBE Havana 15.6"" inch Laptop Backpack for Men and Women | 27L Office/Work/Casual Bag | Water Repellent | Black",,₹998,3.9 out of 5 stars,
"uppercase SealPro Professional Laptop Backpack (15.6 Inch) 3x more water resistant sustainable bags with rain proof zippers & Anti-theft for Men, Women, Boys and Girls, 750 Days warranty",https://aax-eu.amazon.in/x/c/RPDlFbQRHgZc56oaFTcyxUwAAAGGDGxdaQMAAAH2AQBOL0EgICAgICAgICAgICBOL0EgICAgICAgICAgICCIgB5F/https://www.amazon.in/dp/B0BR179L65?pd_rd_i=B0BR179L65&pf_rd_p=403d884b-b770-4925-9bdf-9e07bc36f348&pf_rd_r=7V00T0E14DVSEQN6PZVY&pd_rd_wg=1u8Gq&pd_rd_w=KC0Tt&pd_rd_r=9598323c-b66b-4a64-8622-859e6dd39627,"₹1,900",5.0 out of 5 stars,
,,,,
,,,,
,,School bags and backpacks for everyone,,
,,,,
,,,,
,,Our most functional backpack ever,,
,,,,
"Gods GHOST Anti Theft Backpack with 15.6 inch Laptop Compartment, Patented Design, Water Resistant Fabric, Quick Access Pockets & 8 Years Warranty for Men and Women (Capacity-25 Litre)",,"₹3,705",4.4 out of 5 stars,
"Xator 15.6 inch Anti-Theft Laptop Backpack, Adaptable, Light Weight, Convertible and Expandable, Quick Access Pockets, Water Resistant",,"₹3,099",4.4 out of 5 stars,
American Tourister 32 Ltrs Black Casual Backpack (AMT FIZZ SCH BAG 02 - BLACK),,"₹1,299",4.1 out of 5 stars,
Wesley Milestone 2.0 Casual Waterproof Laptop Backpack/Office Bag/School Bag/College Bag/Business Bag/Travel Backpack (Dimensions:13x18 inches) (Compatible with 39.62cm(15.6inch laptop) 30 L (Blue & black),,₹565,4.3 out of 5 stars,
Skybags Brat Black 46 Cms Casual Backpack,,₹669,4.1 out of 5 stars,
"uppercase Medium 17 Ltrs Vegan Leather (14.6 inch) Laptop Backpack 2300EBP1 3x more water resistant sustainable bags with rain proof zippers for Men, Women, Boys and Girls, 750 Days warranty (Blue)",https://aax-eu.amazon.in/x/c/RCWJRw6Ac5PljmKvRA1fAPAAAAGGDGxn5AMAAAH2AQBOL0EgICAgICAgICAgICBOL0EgICAgICAgICAgICAM-Q5-/https://www.amazon.in/dp/B0B68Z3X7D?pd_rd_i=B0B68Z3X7D&pf_rd_p=dd2aa9b8-d653-4b22-af5d-81cb48e44028&pf_rd_r=VK852TN3G09XDX0W6Q2R&pd_rd_wg=Ozn60&pd_rd_w=KwrMK&pd_rd_r=9b2a44d6-185d-4354-a39a-54b03ab07a6b,"₹1,600",4.1 out of 5 stars,
,,,,
ADISA 15.6 inch Laptop Backpack Office Bag College Travel Back Pack 32 Ltrs (z-Navy Blue),,₹499,3.9 out of 5 stars,
"Mi Step Out 12 L Mini Backpack (Small Size, Black, Water Repellant)",,₹356,4.1 out of 5 stars,
Wesley Spartan Unisex Travel Hiking Laptop Bag fits Upto 17.3 inch with Raincover and Internal Organiser Backpack Rucksack College Bag,,₹798,4.1 out of 5 stars,
Northzone Casual Waterproof Laptop Backpack/Office Bag/School Bag/College Bag/Business Bag/Travel Backpack (Dimensions:13x18 inches) (Compatible with 39.62cm(15.6inch laptop) 30 L,,₹510,5.0 out of 5 stars,
AirCase C34- 13 Inch/ 14 Inch/15.6 Inch Premium Vegan Leather Laptop Backpack for Men & Women (Black)- 25 Ltrs,,₹999,3.9 out of 5 stars,
Red Lemon Swiss Cut Design Medium 26 L Laptop Backpack Outdoor Backpack fits 15.6 inch Multifunctional Laptop Bag Backpack for Men and Women with USB port Anti Theft Travel Backpack,,"₹1,899",4.4 out of 5 stars,
NORTH ZONE 30 ltrs ( Cms) backpack(INVALID DATA_grey),,₹599,3.7 out of 5 stars,
Fur Jaden Brown Textured Leatherette Stylish & Spacious Weekender Duffle Bag for Travel,,₹889,4.3 out of 5 stars,
,,Want to upgrade your basic handbag with something new and exciting? Check out these embroidered variants that are classy and spacious.,3.8 out of 5 stars,
,,₹448,4.2 out of 5 stars,
,,₹448,4.2 out of 5 stars,
,,₹449,4.0 out of 5 stars,
,,₹339,4.0 out of 5 stars,
,,₹295,4.3 out of 5 stars,
,,₹527.45,4.3 out of 5 stars,
,,₹449,4.0 out of 5 stars,
,,₹278,4.0 out of 5 stars,
,,₹299,4.0 out of 5 stars,
,,,,
"Safari Flash Casual Backpack, 26 ltr Water Resistant Travel Bags| Weight Polyester Bagpack for Men and Women, Spacious Shoulder Bag for College, Office, Travelling and Camping",,₹699,3.9 out of 5 stars,
DEIN KLEIDER Men's Nylon Messenger Bag,,₹349,4.0 out of 5 stars,
ADISA Light Weight Laptop Backpack 32 Ltrs,,₹499,4.0 out of 5 stars,
Half Moon Large 37L Laptop Bag Backpack for menं Women Boys and Girls Luggage Travel Bags with 17.3 inches Laptop Compartment & Rain Cover,,₹849,3.9 out of 5 stars,
"Safari Spartan 21 Ltrs Water Resistant Backpack - Blue, S (SPARTAN19CBBLU)",,₹599,3.8 out of 5 stars,
ADISA Laptop Backpack 31 Ltrs,,₹499,4.0 out of 5 stars,
"Wesley Unisex Milestone Casual Waterproof Laptop Office School College Business Travel Backpack 25 L (Dimensions: 12.5x18 inches) (Compatible with 15.6 inch laptops), Navy Blue",,₹498,4.3 out of 5 stars,
Red Lemon Swisslook Polyester Bange Series 45L 15.6-inch Laptop Bags Backpack for Men and Women Waterproof USB Anti Theft Travel Backpack,,"₹2,849",4.3 out of 5 stars,
"URBAN TRIBE Havana 15.6"" inch Laptop Backpack for Men and Women | 27L Office/Work/Casual Bag | Water Repellent | Black",,₹998,3.9 out of 5 stars,
"uppercase SealPro Professional Laptop Backpack (15.6 Inch) 3x more water resistant sustainable bags with rain proof zippers & Anti-theft for Men, Women, Boys and Girls, 750 Days warranty",https://aax-eu.amazon.in/x/c/RLToDIaj2sGmV9XI59Ht41EAAAGGDGxn9QMAAAH2AQBOL0EgICAgICAgICAgICBOL0EgICAgICAgICAgICCv65_C/https://www.amazon.in/dp/B0BR179L65?pd_rd_i=B0BR179L65&pf_rd_p=403d884b-b770-4925-9bdf-9e07bc36f348&pf_rd_r=VK852TN3G09XDX0W6Q2R&pd_rd_wg=krg5x&pd_rd_w=UgX8B&pd_rd_r=abc58890-589c-49dc-9a08-2a17ab6cfa53,"₹1,900",5.0 out of 5 stars,
,,,,
,,,,
,,School bags and backpacks for everyone,,
